external_employee_id,name
30000,"Casero Bosquet, Maria Mercedes"
30137,"Femenias Coll, Marta"
30274,"Riera Puig, Jose Luis"
30411,"Roca Amer, Maria Mercedes"
30548,"Payeras Sureda, Joan"
30685,"Bosch Noguera, Manuel"
30822,"Cerda Cerda, Ana Maria"
30959,"Femenias Coll, Carmen"
31096,"Munar Tugores, Elena"
31233,"Roca Amer, Ana Maria"
31370,"Roca Amer, Carmen"
31507,"Femenias Coll, Manuel"
31644,"Payeras Sureda, Cristina"
31781,"Casero Bosquet, Marta"
31918,"Ensenyat Rosselló, Pedro"
32055,"Mesquida Vidal, Isabel"
32192,"Serra Bibiloni, Laura"
32329,"Garau Femenia, Isabel"
32466,"Company Ramis, Joan"
32603,"Ferriol Grimalt, Maria Mercedes"
32740,"Munar Tugores, Francisco"
32877,"Bosch Noguera, Marta"
33014,"Roca Amer, Cristina"
33151,"Company Ramis, Maria Mercedes"
33288,"Roca Amer, Joan"
33425,"Munar Tugores, Antonio"
33562,"Payeras Sureda, Francisco"
33699,"Cerda Cerda, Carmen"
33836,"Femenias Coll, Roberto Jaime"
33973,"Cerda Cerda, Antonio"
34110,"Garau Femenia, Jose Luis"
34247,"Mesquida Vidal, Rosa"
34384,"Ferriol Grimalt, Cristina"
34521,"Ferriol Grimalt, Pedro"
34658,"Serra Bibiloni, Francisco"
34795,"Cerda Cerda, Marta"
34932,"Mas Alorda, Diego"
35069,"Femenias Coll, Miguel Angel"
35206,"Estrany Cañellas, Pedro"
35343,"Mesquida Vidal, Rosa"
35480,"Femenias Coll, Miguel Angel"
35617,"Bosch Noguera, Isabel"
35754,"Bosch Noguera, Jose Luis"
35891,"Company Ramis, Isabel"
36028,"Cerda Cerda, Marta"
36165,"Payeras Sureda, Carmen"
36302,"Serra Bibiloni, Isabel"
36439,"Company Ramis, Javier"
36576,"Riera Puig, Cristina"
36713,"Riera Puig, Marta"
36850,"Roca Amer, Jose Luis"
36987,"Mesquida Vidal, Miguel Angel"
37124,"Ensenyat Rosselló, Sara"
37261,"Company Ramis, Sara"
37398,"Femenias Coll, Francisco"
37535,"Vicens Fiol, Laura"
37672,"Cerda Cerda, Javier"
37809,"Garau Femenia, Roberto Jaime"
